"Keywords","Average Searches","Average Clicks","CTR","Competition","KD","Tag Occurrences","Character Count","Google Searches"
"personalized tungsten ring",1,0,0,0,"","1","26","N/A"
"personalized tungsten ring womens",39,58,149,0,"","0","33","N/A"
"personalized",28019,30066,107,6968219,"100","8","12",40500
"personalized ring",2346,2809,120,177238,"94","49","17",3600
"tungsten",321,471,147,68519,"100","6","8",90500
"personalized gift",63547,67269,106,5573446,"97","8","17",110000
"personalized gifts",17099,17564,103,5572188,"100","8","18",110000
"personalized jewelry",8856,9177,104,563297,"90","1","20",60500
"personalized rings",1297,1289,99,178115,"100","1","18",3600
"personalized wedding",300,292,97,977756,"100","1","20",110
"personalized couple",7,1,14,392452,"100","2","19",30
"personalized bands",1,0,0,55425,"100","1","18","N/A"
"personalized band",0,0,0,64140,"","1","17","N/A"
"personalized metal",3,0,0,346172,"100","1","18","N/A"
"tungsten ring",2161,2228,103,66317,"74","51","13",27100
"tungsten rings",144,122,85,55696,"100","3","14",27100
"silver tungsten",12,5,42,21260,"100","1","15",170
"tungsten band",8,1,13,54414,"100","22","13",390
"faceted tungsten",5,2,40,1347,"100","2","16",10
"brushed tungsten",5,1,20,13726,"100","1","16","N/A"
"tungsten carbide",3,0,0,19489,"100","7","16","N/A"
"mens tungsten",3,0,0,62261,"100","3","13","N/A"
"gold tungsten",2,0,0,28641,"100","2","13","N/A"
"black tungsten",1,0,0,38254,"100","3","14","N/A"
"tungsten wedding",1,0,0,54678,"100","2","16","N/A"
"blue tungsten",1,0,0,13037,"100","1","13","N/A"
"6mm tungsten",1,0,0,10082,"100","1","12","N/A"
"engraved tungsten",1,0,0,17749,"100","1","17","N/A"
"tungsten bands",0,0,0,54414,"","3","14","N/A"
"green tungsten",0,0,0,3650,"","1","14","N/A"
"durable tungsten",0,0,0,1921,"","1","16","N/A"
"tungsten silver",0,0,0,21792,"","1","15","N/A"
"engagement tungsten",0,0,0,60011,"","1","19","N/A"
"scratch tungsten",0,0,0,0,"","1","16","N/A"
"tungsten ring men",798,800,100,58953,"93","9","17",880
"black tungsten ring",437,451,103,37963,"97","14","19",2400
"mens tungsten ring",314,315,100,62863,"100","25","18",12100
"gold tungsten ring",24,27,113,28561,"100","7","18","N/A"
"tungsten black ring",18,20,111,31975,"100","3","19",2400
"white tungsten ring",15,13,87,3629,"100","1","19","N/A"
"womens tungsten ring",9,1,11,45159,"100","2","20",1600
"6mm tungsten ring",9,1,11,10362,"100","1","17",140
"custom tungsten ring",8,1,13,11967,"100","2","20","N/A"
"tungsten mens ring",8,1,13,52778,"100","1","18",12100
"silver tungsten ring",6,1,17,25534,"100","8","20","N/A"
"tungsten ring women",6,1,17,54840,"100","4","19",1600
"blue tungsten ring",5,1,20,12971,"100","7","18",320
"tungsten wood ring",5,1,20,7299,"100","1","18","N/A"
"8mm tungsten ring",4,0,0,26211,"100","2","17",110
"tungsten silver ring",2,0,0,21632,"100","1","20","N/A"
"tungsten ring couple",2,0,0,12801,"100","1","20","N/A"
"red tungsten ring",2,0,0,2472,"100","1","17","N/A"
"tungsten band ring",1,0,0,54256,"100","1","18","N/A"
"unique tungsten ring",1,0,0,14460,"100","1","20","N/A"
"green tungsten ring",1,0,0,3397,"100","1","19","N/A"
"tungsten ring silver",1,0,0,21632,"100","1","20","N/A"
"gray tungsten ring",0,0,0,5934,"","2","18","N/A"
"man tungsten ring",0,0,0,61081,"","2","17","N/A"
"woman tungsten ring",0,0,0,45182,"","1","19","N/A"
"women tungsten ring",0,0,0,45197,"","1","19","N/A"
"9mm tungsten ring",0,0,0,1435,"","1","17","N/A"
"couple tungsten ring",0,0,0,17584,"","1","20","N/A"
"mans tungsten ring",0,0,0,60445,"","1","18","N/A"
"womans tungsten ring",0,0,0,45185,"","1","20","N/A"
"tungsten ring modern",0,0,0,925,"","1","20","N/A"
"black tungsten band",113,39,35,35559,"100","3","19","N/A"
"gold tungsten band",34,0,0,26635,"100","1","18","N/A"
"rose gold tungsten",3,0,0,13322,"100","2","18","N/A"
"tungsten mens band",3,0,0,51748,"100","1","18","N/A"
"mens tungsten band",2,0,0,58986,"100","13","18",30
"gold tungsten rings",1,0,0,26459,"100","2","19","N/A"
"silver tungsten band",1,0,0,20334,"100","1","20","N/A"
"tungsten band womens",0,0,0,43972,"","3","20","N/A"
"men tungsten jewelry",0,0,0,0,"","1","20","N/A"
"blue green tungsten",0,0,0,0,"","1","19","N/A"
"pipe cut tungsten",0,0,0,1273,"","1","17","N/A"
"thin tungsten band",0,0,0,1138,"","1","18","N/A"
"thin tungsten rings",0,0,0,0,"","1","19","N/A"
"9mm tungsten band",0,0,0,0,"","1","17","N/A"
"black green tungsten",0,0,0,0,"","1","20","N/A"
"yellow gold tungsten",0,0,0,9553,"","1","20","N/A"
"comfort fit tungsten",0,0,0,9789,"","1","20","N/A"
"cross tungsten bands",0,0,0,0,"","1","20","N/A"
"mens women tungsten",0,0,0,0,"","1","19","N/A"
"blue tungsten band",0,0,0,12566,"","1","18","N/A"
"tungsten 4 mm ring",0,0,0,0,"","1","18","N/A"
"ring",34793,45796,132,2153449,"90","2","4",823000
"12 mm black tungsten",0,0,0,0,"","1","20","N/A"
"engagement ring",20093,21484,107,665588,"76","19","15",673000
"silver ring",10193,11684,115,943351,"98","5","11",33100
"gold ring",10080,10559,105,943926,"99","3","9",90500
"promise ring",7113,9159,129,255210,"78","17","12",301000
"mens ring",6694,7280,109,478478,"93","20","9",74000
"wedding ring",5021,6132,122,766595,"100","24","12",246000
"diamond ring",4081,4618,113,426210,"100","1","12",165000
"gothic ring",3063,3631,119,43021,"57","1","11",3600
"custom ring",2615,2574,98,195408,"94","18","11",12100
"engraved ring",2308,2632,114,66303,"73","11","13",12100
"statement ring",2136,2154,101,514795,"100","1","14",5400
"unique ring",1896,2242,118,269496,"100","5","11",4400
"adjustable ring",1896,2102,111,94974,"85","1","15",1300
"claddagh ring",1803,1900,105,3869,"17","1","13",74000
"meteorite ring",1664,1976,119,7498,"33","4","14",12100
"minimalist ring",1529,1915,125,301307,"100","2","15",480
"womens ring",1455,1520,104,1071808,"100","6","11",22200
"obsidian ring",1243,1416,114,3147,"20","2","13",3600
"ring men",1215,1369,113,481633,"100","1","8",4400
"lion ring",1113,1504,135,3948,"27","1","9",1300
"anniversary ring",1049,1033,98,423738,"100","10","16",9900
"green ring",1058,1279,121,192425,"100","1","10",5400
"black ring",1014,1012,100,235461,"100","7","10",6600
"titanium ring",956,1002,105,27169,"73","3","13",8100
"nature ring",862,911,106,63822,"93","1","11",880
"couple ring",812,663,82,48105,"89","3","11",12100
"wood ring",703,800,114,63459,"98","2","9",5400
"couples ring",429,488,114,47162,"100","2","12",12100
"hammered ring",396,454,115,29445,"94","1","13",480
"band ring",390,382,98,480144,"100","1","9",3600
"irish ring",392,373,95,7855,"65","1","10",9900
"friendship ring",307,300,98,122357,"100","1","15",5400
"medieval ring",284,330,116,6742,"69","1","13",880
"customized ring",217,225,104,191714,"100","3","15",12100
"blue ring",216,208,96,286765,"100","2","9",6600
"big ring",192,250,130,24518,"100","1","8","N/A"
"christian ring",159,227,143,10684,"91","1","14",590
"love ring",161,161,100,153863,"100","1","9",5400
"wooden ring",137,192,140,23356,"100","2","11",5400
"matching ring",129,188,146,54363,"100","1","13","N/A"
"inlay ring",116,98,84,31090,"100","1","10",880
"antler ring",130,136,105,3798,"73","1","11",22200
"man ring",100,93,93,480544,"100","1","8",18100
"modern ring",103,100,97,68429,"100","1","11",590
"hematite ring",30,33,110,3101,"100","2","13",5400
"male ring",22,17,77,7620,"100","1","9",74000
"womans ring",20,18,90,1048481,"100","1","11",30
"lightweight ring",0,0,0,6024,"","3","16","N/A"
"engragement ring",0,0,0,33,"","2","16","N/A"
"classic ring",1,0,0,48913,"100","2","12","N/A"
"stylish ring",1,0,0,11595,"100","2","12","N/A"
"carbide ring",0,0,0,19191,"","2","12","N/A"
"personalize ring",3,0,0,155927,"100","2","16","N/A"
"engrave ring",7,1,14,60597,"100","2","12",12100
"durable ring",0,0,0,7363,"","2","12","N/A"
"8mm ring",2,0,0,54235,"100","2","8","N/A"
"polished ring",0,0,0,23725,"","2","13","N/A"
"brushed ring",1,0,0,21515,"100","2","12","N/A"
"nebula ring",7,1,14,2506,"100","2","11",5400
"domed ring",4,0,0,7452,"100","1","10",1300
"gift ring",3,0,0,905747,"100","1","9","N/A"
"mans ring",5,1,20,473305,"100","1","9",50
"ancient ring",1,0,0,6108,"100","1","12",480
"beveled ring",4,0,0,17859,"100","1","12","N/A"
"ladies ring",3,0,0,28209,"100","1","11",590
"husband ring",1,0,0,16600,"100","1","12","N/A"
"hawaiian ring",3,0,0,7859,"100","1","13",480
"dads ring",0,0,0,12890,"","1","9","N/A"
"masculine ring",5,1,20,2080,"100","1","14","N/A"
"10mm ring",0,0,0,18240,"","1","9","N/A"
"engraving ring",3,0,0,17258,"100","1","14","N/A"
"gray ring",2,0,0,45684,"100","1","9","N/A"
"bears ring",0,0,0,5522,"","1","10","N/A"
"outdoors ring",0,0,0,1438,"","1","13","N/A"
"large ring",8,1,13,53707,"100","1","10",480
"king ring",6,0,0,5693,"100","1","9",1300
"queen ring",3,0,0,4814,"100","1","10",320
"groom ring",3,0,0,14334,"100","1","10",110
"personal ring",3,0,0,9052,"100","1","13","N/A"
"moss agate ring",3668,4294,117,18901,"36","1","15",18100
"mens wedding ring",2466,2635,107,232684,"99","27","17",60500
"rose gold ring",2067,2206,107,432264,"100","5","14",12100
"mens engagement ring",1973,2125,108,207577,"100","4","20",40500
"chunky silver ring",1938,2314,119,12751,"41","1","18",2400
"wedding ring set",1782,1886,106,156685,"97","2","16",33100
"mens silver ring",1776,1992,112,257558,"100","1","16",6600
"engagement ring set",1678,1632,97,140337,"96","1","19",8100
"mixed metal ring",1372,1358,99,5565,"30","2","16",4400
"custom name ring",1227,1288,105,31278,"70","3","16",720
"chunky gold ring",1211,1264,104,10292,"46","1","16",2900
"two tone ring",1206,1109,92,20085,"61","2","13",2900
"mens gold ring",1168,1327,114,219772,"100","1","14",4400
"mens promise ring",1011,1110,110,82530,"96","8","17",40500
"promise ring set",968,1179,122,64530,"91","1","16",1000
"whiskey barrel ring",915,897,98,3207,"27","1","19",1300
"black obsidian ring",873,665,76,2176,"20","2","19",1900
"ring for men",817,987,121,481152,"100","5","12",22200
"custom engraved ring",706,701,99,30456,"82","10","20",1300
"nature inspired ring",703,707,101,37069,"86","2","20",260
"non tarnish ring",688,688,100,2713,"30","2","16",2400
"dual birthstone ring",567,597,105,408,"1","1","20",720
"promise ring couple",495,490,99,13223,"71","1","19",27100
"unique mens ring",437,642,147,77021,"100","2","16",3600
"couples ring set",399,348,87,16537,"81","1","16",3600
"celtic knot ring",328,325,99,7157,"67","1","16",2900
"gold engraved ring",316,317,100,30531,"99","1","18",1900
"best friend ring",313,307,98,18416,"88","1","16",3600
"mens black ring",294,383,130,87670,"100","1","15",4400
"womens wedding ring",290,283,98,544928,"100","1","19",22200
"engagement ring men",218,250,115,202367,"100","2","19",40500
"thick gold ring",220,233,106,7503,"77","1","15",2400
"mens wood ring",206,198,96,22973,"100","1","14",2400
"engraved silver ring",203,195,96,30102,"100","1","20",880
"koa wood ring",184,144,78,3179,"62","3","13","N/A"
"comfort fit ring",131,64,49,25614,"100","5","16",720
"family crest ring",128,177,138,802,"40","1","17",1900
"size 15 ring",131,189,144,8706,"91","1","12",590
"gold leaf ring",123,71,58,44354,"100","2","14",590
"wedding ring store",119,116,97,220,"13","1","18",1300
"couple ring set",115,109,95,16628,"100","2","15",3600
"matching couple ring",111,61,55,12928,"100","4","20",2900
"yellow gold ring",110,94,85,567641,"100","2","16",4400
"irish claddagh ring",107,101,94,2081,"64","1","19",6600
"ring for woman",105,101,96,1077770,"100","1","14",22200
"simple promise ring",76,103,136,7463,"100","1","19",8100
"male promise ring",58,46,79,3271,"88","1","17","N/A"
"size 16 ring",56,77,138,5367,"99","1","12","N/A"
"ring for her",49,64,131,388985,"100","3","12","N/A"
"guitar string ring",34,40,118,747,"67","1","18",1000
"unique wedding ring",31,31,100,161217,"100","2","19",14800
"matching ring set",21,20,95,23196,"100","1","17",320
"black wedding ring",8,1,13,103171,"100","4","18","N/A"
"simple wedding ring",8,1,13,20282,"100","4","19",6600
"engraved ring men",7,1,14,33404,"100","3","17",2900
"wood inlay ring",7,1,14,7771,"100","2","15",320
"womens promise ring",6,1,17,222735,"100","2","19",33100
"promise ring men",8,1,13,74349,"100","2","16",1300
"gothic wedding ring",7,1,14,17365,"100","2","19",5400
"silver wedding ring",9,1,11,339534,"100","1","19",6600
"inside engraved ring",8,1,13,575,"93","1","20",320
"green moss ring",6,5,83,13860,"100","1","15","N/A"
"engraved name ring",9,1,11,9835,"100","1","18",590
"mens engraved ring",9,1,11,30417,"100","1","18",2900
"greek key ring",9,1,11,1143,"100","1","14",590
"male wedding ring",9,1,11,6276,"100","1","17",4400
"carbon fiber ring",8,1,13,3783,"100","1","17",1600
"ring for him",5,1,20,66292,"100","7","12","N/A"
"black blue ring",2,0,0,30827,"100","2","15","N/A"
"engravable ring men",2,0,0,30748,"100","2","19","N/A"
"ring for girlfriend",5,1,20,35912,"100","2","19","N/A"
"women wedding ring",5,1,20,556765,"100","1","18",22200
"brushed mens ring",3,0,0,18202,"100","1","17","N/A"
"gold black ring",2,0,0,86893,"100","1","15","N/A"
"green mens ring",3,0,0,38005,"100","1","15","N/A"
"name band ring",2,0,0,3502,"100","1","14","N/A"
"meteorite inlay ring",3,0,0,1670,"100","1","20","N/A"
"man engagement ring",2,0,0,179630,"100","1","19","N/A"
"green wedding ring",3,0,0,69316,"100","1","18","N/A"
"mans wedding ring",2,0,0,204536,"100","1","17",14800
"womans wedding ring",3,0,0,517982,"100","1","19","N/A"
"laser engraved ring",2,0,0,6308,"100","1","19",880
"engraved black ring",2,0,0,15444,"100","1","19",70
"womens black ring",3,0,0,116544,"100","1","17",2400
"simple mens ring",2,0,0,15741,"100","1","16","N/A"
"size 17 ring",5,1,20,1299,"100","1","12",480
"rustic wood ring",2,0,0,6155,"100","1","16","N/A"
"brushed silver ring",3,0,0,7665,"100","1","19","N/A"
"husband wife ring",2,0,0,4060,"100","1","17","N/A"
"ring for couples",2,0,0,36239,"100","1","16","N/A"
"mens blue ring",2,0,0,66540,"100","1","14","N/A"
"black promise ring",3,0,0,38367,"100","1","18","N/A"
"always engraved ring",0,0,0,0,"","3","20","N/A"
"wizard wedding ring",0,0,0,0,"","3","19","N/A"
"medieval lore ring",0,0,0,0,"","3","18","N/A"
"wizard movie ring",0,0,0,0,"","3","17","N/A"
"sorcerer ring man",0,0,0,0,"","3","17","N/A"
"warlock ring men",0,0,0,43,"","3","16","N/A"
"mage ring jewelry",0,0,0,0,"","3","17","N/A"
"wand engraved ring",0,0,0,0,"","3","18","N/A"
"magical ring men",0,0,0,552,"","2","16","N/A"
"anniversary ring set",1,0,0,84995,"100","2","20","N/A"
"blue dome ring",1,0,0,6546,"100","2","14","N/A"
"ring for husband",0,0,0,16556,"","2","16","N/A"
"elf ring jewelry",0,0,0,0,"","2","16","N/A"
"cosmic galaxy ring",0,0,0,291,"","2","18","N/A"
"men anniversary ring",1,0,0,136508,"100","2","20","N/A"
"classic mens ring",0,0,0,13266,"","1","17","N/A"
"grooved wedding ring",0,0,0,4270,"","1","20","N/A"
"black red ring",0,0,0,21213,"","1","14","N/A"
"husband ring gift",0,0,0,15151,"","1","17","N/A"
"8mm wide ring",0,0,0,1942,"","1","13","N/A"
"coffin box ring",0,0,0,388,"","1","15","N/A"
"silver gray ring",0,0,0,15032,"","1","16","N/A"
"3mm womens ring",0,0,0,7278,"","1","15","N/A"
"3mm hammered ring",0,0,0,477,"","1","17","N/A"
"brushed finish ring",0,0,0,5135,"","1","19","N/A"
"galaxy wedding ring",1,0,0,5098,"100","1","19","N/A"
"burl band ring",0,0,0,626,"","1","14","N/A"
"womans wood ring",0,0,0,24129,"","1","16","N/A"
"sandle wood ring",0,0,0,0,"","1","16","N/A"
"metal wood ring",1,0,0,5407,"100","1","15","N/A"
"blue green ring",1,0,0,34290,"100","1","15","N/A"
"his anniversary ring",0,0,0,8400,"","1","20","N/A"
"hermoine wand ring",0,0,0,0,"","1","18","N/A"
"harry wand ring",0,0,0,0,"","1","15","N/A"
"modern groom ring",0,0,0,438,"","1","17","N/A"
"frosted finish ring",0,0,0,227,"","1","19","N/A"
"zebra wood ring",0,0,0,302,"","1","15","N/A"
"brushed metal ring",0,0,0,1447,"","1","18","N/A"
"engraved family ring",1,0,0,1720,"100","1","20","N/A"
"low dome ring",0,0,0,872,"","1","13","N/A"
"rustic band ring",1,0,0,6355,"100","1","16","N/A"
"anniversary ring men",1,0,0,129042,"100","1","20","N/A"
"gold grooved ring",1,0,0,2266,"100","1","17",0
"personalize ring men",0,0,0,47630,"","1","20","N/A"
"wooden metal ring",0,0,0,1499,"","1","17","N/A"
"christmas gift ring",1,0,0,147145,"100","1","19","N/A"
"ring for valentine",0,0,0,82914,"","1","18","N/A"
"mans engagement ring",0,0,0,178906,"","1","20","N/A"
"ring for groom",0,0,0,15723,"","1","14","N/A"
"bear wedding ring",0,0,0,1044,"","1","17","N/A"
"men bear ring",0,0,0,0,"","1","13","N/A"
"mens womens ring",0,0,0,373825,"","1","16","N/A"
"whiskey wood ring",0,0,0,2920,"","1","17","N/A"
"cubic zircon ring",1,0,0,1867,"100","1","17","N/A"
"vertical groove ring",0,0,0,0,"","1","20","N/A"
"cz accent ring",0,0,0,0,"","1","14","N/A"
"diamond accent ring",1,0,0,16190,"100","1","19","N/A"
"polished dome ring",0,0,0,2580,"","1","18","N/A"
"black dome ring",1,0,0,9532,"100","1","15","N/A"
"blue mens ring",1,0,0,66192,"100","1","14",590
"ring for proposal",0,0,0,57655,"","1","17","N/A"
"couple matching ring",1,0,0,13040,"100","1","20",4400
"ring for anniversary",0,0,0,374505,"","1","20","N/A"
"multi faceted ring",0,0,0,1520,"","1","18","N/A"
"guys promise ring",0,0,0,974,"","1","17","N/A"
"engraved mans ring",0,0,0,0,"","1","18","N/A"
"black couple ring",0,0,0,13537,"","1","17","N/A"
"wizard castle ring",0,0,0,0,"","1","18","N/A"
"school castle ring",0,0,0,0,"","1","18","N/A"
"promise ring for her",1603,1598,100,98076,"89","3","20",40500
"promise ring for him",341,405,119,15035,"82","7","20",880
"his and hers ring",201,193,96,14875,"93","2","17",1600
"silver ring for men",150,131,87,256379,"100","1","19",14800
"promise ring for men",97,86,89,63021,"100","1","20",40500
"wedding ring for men",9,1,11,226851,"100","1","20",18100
"his and her ring",6,1,17,9140,"100","2","16",1600
"wedding ring for her",3,0,0,192625,"100","1","20",880
"6mm rose gold ring",2,0,0,7761,"100","1","18","N/A"
"8mm ring for men",0,0,0,34919,"","1","16","N/A"
"thick ring for men",0,0,0,4544,"","1","18","N/A"
"red sandal wood ring",0,0,0,4,"","1","20","N/A"
"dome rose gold ring",0,0,0,9950,"","1","19","N/A"
"8mm rose gold ring",0,0,0,12709,"","1","18","N/A"
"mens and womens ring",0,0,0,377476,"","1","20","N/A"
"rings",41716,48609,117,2155362,"86","1","5",823000
"gift for her",26857,26267,98,5409638,"100","2","12",33100
"gift for him",23968,24233,101,2176606,"98","5","12",27100
"engagement rings",16056,16859,105,671372,"81","1","16",673000
"anniversary gift",15665,16034,102,1692772,"100","10","16",49500
"valentines day gift",15513,19105,123,976304,"90","1","19",5400
"gifts for mom",13785,14180,103,3487305,"100","2","13",110000
"mens rings",13460,14154,105,481661,"78","2","10",74000
"birthday gift",13188,14327,109,6286682,"100","4","13",49500
"christmas gifts",10722,12559,117,7592884,"100","1","15",90500
"engagement gift",10488,12127,116,679620,"91","2","15",33100
"statement rings",9978,9620,96,515401,"86","1","15",5400
"gifts for dad",9844,12231,124,1560627,"100","4","13",110000
"gifts for friends",8412,9162,109,593782,"92","1","17",12100
"mens wedding band",7638,7923,104,168743,"67","45","17",165000
"fathers day gift",7529,7755,103,948759,"100","3","16",1220000
"rings for women",6876,7176,104,1080693,"100","2","15",22200
"custom gift",6430,6294,98,5827008,"100","1","11",49500
"wedding band",6328,6508,103,360178,"88","25","12",110000
"gifts for boyfriend",6171,6672,108,371044,"89","1","19",33100
"christmas gift",6102,6792,111,7614738,"100","2","14",90500
"anniversary gifts",5781,5882,102,1692762,"100","1","17",49500
"mens jewelry",5423,5888,109,1607176,"100","1","12",49500
"wedding bands",4942,5043,102,358234,"93","7","13",110000
"men",4709,6359,135,14452219,"100","1","3",450000
"gifts for girlfriend",4687,5670,121,521813,"100","1","20",27100
"rings for men",4630,4838,104,475852,"100","7","13",22200
"fathers day gifts",4637,4558,98,967327,"100","1","17",1220000
"boyfriend gift",4506,5164,115,371080,"96","1","14",9900
"gift for men",4294,4655,108,8800304,"100","1","12",14800
"gifts for sister",4054,4325,107,463293,"100","1","16",18100
"gift for couple",3974,4412,111,749045,"100","2","15",9900
"custom jewelry",3776,3727,99,660402,"100","4","14",40500
"couple",3676,4966,135,1028894,"100","2","6",74000
"wedding rings",3373,3416,101,762372,"100","5","13",246000
"gifts for couples",3254,3659,112,748175,"100","1","17",9900
"gifts for husband",2923,2874,98,497908,"100","1","17",14800
"engraved",2641,2125,80,863900,"100","3","8",27100
"mens wedding bands",2543,2747,108,161890,"90","3","18",165000
"unique gift",2473,2369,96,2960562,"100","1","11",40500
"gifts for wife",2306,2291,99,693680,"100","1","14",22200
"womens rings",2270,2374,105,1081494,"100","1","12",22200
"dad gift",2234,2372,106,1561779,"100","1","8",110000
"couple rings",2209,2235,101,47693,"67","2","12",12100
"custom rings",2187,2320,106,194845,"97","1","12",12100
"wedding band men",1985,2068,104,162029,"96","3","16",6600
"wedding band women",1993,2185,110,275485,"100","1","18",60500
"gift for boyfriend",1903,2356,124,371044,"100","1","18",33100
"men wedding band",1890,1908,101,168822,"98","1","16",27100
"wedding bands women",1788,1914,107,270666,"100","3","19",60500
"couples rings",1667,1708,102,47190,"73","1","13",12100
"womens wedding band",1553,1563,101,274941,"100","4","19",22200
"minimalist jewelry",1491,1639,110,1062535,"100","1","18",8100
"band",1488,1531,103,885924,"100","1","4",201000
"valentines gift",1413,2010,142,1227354,"100","2","15",27100
"mens wedding rings",1376,1390,101,230365,"100","2","18",60500
"engraved rings",1183,1174,99,64804,"87","3","14",12100
"engraved jewelry",1144,1184,103,212818,"100","4","16",8100
"gift for husband",1119,1176,105,499074,"100","2","16",14800
"wedding bands men",1063,1137,107,136559,"100","2","17",6600
"wedding bands set",1007,1028,102,79251,"95","1","17",9900
"gift for girlfriend",771,1011,131,523039,"100","1","19",27100
"rose gold band",680,598,88,172919,"100","2","14",1000
"matching couple",648,911,141,191845,"100","2","15",1900
"simple wedding band",574,566,99,13838,"69","3","19",4400
"husband gift",598,547,91,498668,"100","2","12",2400
"valentine gifts",573,525,92,1224779,"100","1","15","N/A"
"unique wedding rings",498,492,99,151031,"100","2","20",14800
"couple jewelry",506,475,94,73309,"100","1","14",2900
"male wedding band",518,567,109,5559,"52","1","17",165000
"unique wedding band",391,384,98,78979,"100","5","19",14800
"non tarnish jewelry",383,376,98,16886,"82","2","19",5400
"black wedding band",313,314,100,65317,"100","5","18",2900
"valentine day gift",303,398,131,974039,"100","2","18",5400
"custom engraving",232,256,110,81223,"100","1","16",2400
"alternative wedding",257,51,20,26164,"100","1","19",480
"engagement band",194,187,96,315361,"100","3","15",2400
"custom wedding band",193,187,97,41541,"100","3","19","N/A"
"anniversary band",228,220,96,191362,"100","2","16",5400
"family jewelry",198,190,96,72604,"100","1","14",4400
"ooak",161,212,132,139116,"100","1","4","N/A"
"anniversary gift men",107,101,94,404109,"100","1","20",8100
"wedding band for men",88,117,133,164630,"100","3","20",49500
"mens gift ideas",103,96,93,621334,"100","1","15",14800
"wooden wedding band",33,17,52,4957,"100","1","19",3600
"gifts for father",4,0,0,1142309,"100","3","16",110000
"inside engraving",0,0,0,1378,"","3","16","N/A"
"modern wedding band",3,0,0,11577,"100","3","19",1300
"carbon fiber inlay",0,0,0,1655,"","2","18","N/A"
"gunmetal rings",1,0,0,5935,"100","2","14","N/A"
"sand finish",0,0,0,664,"","2","11","N/A"
"couple band",1,0,0,29145,"100","2","11","N/A"
"beveled band",0,0,0,13177,"","2","12","N/A"
"engraved band",6,1,17,41997,"100","2","13",260
"8mm band",0,0,0,35478,"","2","8","N/A"
"mens engagement band",3,1,33,133795,"100","2","20",40500
"tungstenweddingband",0,0,0,0,"","2","19","N/A"
"gothic wedding band",7,1,14,6831,"100","2","19",2400
"galaxy wedding band",3,0,0,3115,"100","2","19","N/A"
"8mm wedding band",4,0,0,33085,"100","2","16",210
"groom wedding band",2,0,0,4843,"100","2","18","N/A"
"brushed wedding band",1,0,0,18599,"100","1","20","N/A"
"durable wedding band",0,0,0,2818,"","1","20","N/A"
"9mm wedding band men",0,0,0,0,"","1","20","N/A"
"wide wedding band",7,1,14,13964,"100","1","17",1000
"exclusive wedding",0,0,0,3789,"","1","17","N/A"
"scrappy socks",1,0,0,246,"100","1","13",110
"black wedding bands",8,1,13,62384,"100","1","19",8100
"black obsidian bands",0,0,0,0,"","1","20","N/A"
"hammered bands",1,0,0,17747,"100","1","14",170
"matching gift",1,0,0,712856,"100","1","13","N/A"
"inlay rings",3,0,0,30368,"100","1","11","N/A"
"birthday gift him",0,0,0,547122,"","1","17","N/A"
"best gifts grandad",0,0,0,0,"","1","18","N/A"
"bluepipecutring",0,0,0,0,"","1","15","N/A"
"customengravedring",18,0,0,0,"","1","18","N/A"
"menscomfortfitring",0,0,0,0,"","1","18","N/A"
"engravedtungstenring",0,0,0,0,"","1","20","N/A"
"anniversaryband",0,0,0,7,"","1","15","N/A"
"uniquemensring",0,0,0,0,"","1","14","N/A"
"free laser engraving",0,0,0,3063,"","1","20","N/A"
"mokume gane band",0,0,0,1154,"","1","16","N/A"
"couple wedding band",5,1,20,25982,"100","1","19",18100
"rope wedding band",0,0,0,2085,"","1","17","N/A"
"rope inlay",0,0,0,0,"","1","10","N/A"
"matching band",0,0,0,47596,"","1","13","N/A"
"couple matching band",0,0,0,11336,"","1","20","N/A"
"couples wedding band",8,1,13,24454,"100","1","20",18100
"meteorite band",3,0,0,5835,"100","1","14","N/A"
"custom band",3,0,0,82516,"100","1","11",320
"womens band",4,0,0,493974,"100","1","11","N/A"
"koa inlay band",0,0,0,0,"","1","14","N/A"
"his anniversary band",0,0,0,7776,"","1","20","N/A"
"unique minimalist",1,0,0,220643,"100","1","17","N/A"
"black yellow faceted",0,0,0,2144,"","1","20","N/A"
"off center groove",0,0,0,169,"","1","17","N/A"
"his wedding band",3,0,0,15908,"100","1","16",110
"pipe band",0,0,0,1939,"","1","9","N/A"
"male bands",0,0,0,7950,"","1","10","N/A"
"zebra wood band",0,0,0,187,"","1","15","N/A"
"rotating weddingband",0,0,0,0,"","1","20","N/A"
"agate wedding band",3,0,0,6253,"100","1","18","N/A"
"green moss agate",1,0,0,28687,"100","1","16","N/A"
"moss agate band",6,1,17,5887,"100","1","15","N/A"
"moss agate inlay",0,0,0,60,"","1","16","N/A"
"inside textengraving",0,0,0,0,"","1","20","N/A"
"wood wedding band",9,1,11,20295,"100","1","17",3600
"black wood band",2,0,0,8638,"100","1","15",10
"koa wood band",0,0,0,3058,"","1","13","N/A"
"family birthstone",6,1,17,18265,"100","1","17",70
"birth month gemstone",1,0,0,1410,"100","1","20","N/A"
"children names rings",0,0,0,1872,"","1","20","N/A"
"7mm silver band",0,0,0,2103,"","1","15","N/A"
"celtic claddagh",0,0,0,3417,"","1","15","N/A"
"asymmetrical inlay",0,0,0,0,"","1","18","N/A"
"wedding bands formen",0,0,0,6,"","1","20","N/A"
"guitar string",2,0,0,4615,"100","1","13","N/A"
"whiskey barrel wood",3,0,0,6380,"100","1","19","N/A"
"promise rings men",3,0,0,63021,"100","1","17","N/A"
"engraved mens rings",3,0,0,30492,"100","1","19","N/A"
"personalizedrings",5,0,0,0,"","1","17","N/A"
"matchingcouplerings",0,0,0,0,"","1","19","N/A"
"customweddingband",0,0,0,0,"","1","17","N/A"
"hisandhersrings",0,0,0,0,"","1","15","N/A"
"tungstenrings",0,0,0,0,"","1","13","N/A"
"matchingrings",0,0,0,12,"","1","13","N/A"
"blacktungstenring",0,0,0,0,"","1","17","N/A"
"black friday gift",1,0,0,35330,"100","1","17",720
"green engagement",0,0,0,91772,"","1","16","N/A"
"black engagement",1,0,0,159569,"100","1","16","N/A"
"mahogany",5,0,0,31463,"100","1","8","N/A"
"gunmetal zirconium",0,0,0,118,"","1","18","N/A"
"groom rings",1,0,0,13128,"100","1","11","N/A"
"zirconium bands",0,0,0,0,"","1","15","N/A"
"black brushed rig",0,0,0,0,"","1","17","N/A"
"matte black rings",0,0,0,2772,"","1","17","N/A"
"shoesical",0,0,0,0,"","1","9","N/A"
"black band",2,0,0,158571,"100","1","10","N/A"
"yellow gold band",8,1,13,205463,"100","1","16",390
"unique men",3,0,0,700184,"100","1","10",170
"rose gold stripe",0,0,0,2609,"","1","16","N/A"
"faux meteorite inlay",0,0,0,0,"","1","20","N/A"
"bears in mountain",0,0,0,0,"","1","17","N/A"
"bears jewelry",0,0,0,59784,"","1","13","N/A"
"forest landscape",3,0,0,152072,"100","1","16","N/A"
"man wedding rings",1,0,0,212079,"100","1","17",14800
"mountain mens",0,0,0,0,"","1","13","N/A"
"silver 8mm bands",0,0,0,0,"","1","16","N/A"
"sandblasted finish",0,0,0,367,"","1","18","N/A"
"rose gold mens band",2,0,0,47568,"100","1","19",260
"engraved promise",0,0,0,12961,"","1","16","N/A"
"guitarist gift",3,0,0,15852,"100","1","14","N/A"
"comfort fit band",2,0,0,23347,"100","1","16","N/A"
"matching rings set",8,4,50,20446,"100","1","18","N/A"
"gift for him and her",1,0,0,1340184,"100","1","20","N/A"
"classic wedding band",2,0,0,17070,"100","1","20","N/A"
"engraved mens band",1,0,0,27294,"100","1","18","N/A"
"mensweddingring",1,0,0,810,"100","1","15","N/A"
"blackandrosegold",0,0,0,0,"","1","16","N/A"
"rosegoldweddingband",0,0,0,178,"","1","19","N/A"
"blackgoldweddingring",0,0,0,0,"","1","20","N/A"
"blackrosegoldring",0,0,0,0,"","1","17","N/A"
"blackyellowgoldring",0,0,0,0,"","1","19","N/A"
"weddingbandforhim",0,0,0,0,"","1","17","N/A"
"mans engagement band",0,0,0,137228,"","1","20","N/A"
"couple bands",4,0,0,28370,"100","1","12","N/A"
"durable band",0,0,0,4205,"","1","12","N/A"
"two tone rings",10,1,10,18495,"100","1","14",2900
